日期,全部A股成交额_亿元,通信设备成交额_亿元,通信设备换手率,计算机设备成交额_亿元,计算机设备换手率,电子元器件成交额_亿元,电子元器件换手率,半导体成交额_亿元,半导体换手率,通信设备成交额占比,四大科技行业成交额合计_亿元,四大科技行业成交额占比
2026-01-05,25327.41466330,,,,,,,,,,,
2026-01-06,27907.32784275,,,,,,,,,,,
2026-01-07,28409.33262059,,,,,,,,,,,
2026-01-08,27865.54523115,,,,,,,,,,,
2026-01-09,31043.90184504,,,,,,,,,,,
2026-01-12,35830.17296414,,,,,,,,,,,
2026-01-13,36340.92601836,,,,,,,,,,,
2026-01-14,39247.59131711,,,,,,,,,,,
2026-01-15,28881.54531358,,,,,,,,,,,
2026-01-16,30097.79181861,,,,,,,,,,,
2026-01-19,26919.24145859,,,,,,,,,,,
2026-01-20,27613.66118137,,,,,,,,,,,
2026-01-21,25863.65280366,,,,,,,,,,,
2026-01-22,26758.96619698,,,,,,,,,,,
2026-01-23,30679.61590724,,,,,,,,,,,
2026-01-26,32289.32680845,,,,,,,,,,,
2026-01-27,28769.76492692,,,,,,,,,,,
2026-01-28,29461.67064967,,,,,,,,,,,
2026-01-29,32092.10349262,,,,,,,,,,,
2026-01-30,28174.68768656,,,,,,,,,,,
2026-02-02,25690.68565645,,,,,,,,,,,
2026-02-03,25296.65528575,,,,,,,,,,,
2026-02-04,24676.81428353,,,,,,,,,,,
2026-02-05,21595.24198496,,,,,,,,,,,
2026-02-06,21295.59518345,,,,,,,,,,,
2026-02-09,22375.11312375,,,,,,,,,,,
2026-02-10,20845.79061276,,,,,,,,,,,
2026-02-11,19699.89429598,,,,,,,,,,,
2026-02-12,21297.80171151,,,,,,,,,,,
2026-02-13,19706.75952085,,,,,,,,,,,
2026-02-24,21887.12024446,,,,,,,,,,,
2026-02-25,24430.36106500,,,,,,,,,,,
2026-02-26,25223.55973935,,,,,,,,,,,
2026-02-27,24718.17332811,,,,,,,,,,,
2026-03-02,30045.18264897,,,,,,,,,,,
2026-03-03,31113.47911836,,,,,,,,,,,
2026-03-04,23528.37006658,,,,,,,,,,,
2026-03-05,23772.44814567,,,,,,,,,,,
2026-03-06,21846.04631482,,,,,,,,,,,
2026-03-09,26327.59037193,,,,,,,,,,,
2026-03-10,23845.01460969,,,,,,,,,,,
2026-03-11,24934.79240855,,,,,,,,,,,
2026-03-12,24278.41680181,,,,,,,,,,,
2026-03-13,23858.81393427,,,,,,,,,,,
2026-03-16,23119.63278742,,,,,,,,,,,
2026-03-17,21938.09096008,,,,,,,,,,,
2026-03-18,20329.12313218,,,,,,,,,,,
2026-03-19,20972.13648575,,,,,,,,,,,
2026-03-20,22714.99138261,,,,,,,,,,,
2026-03-23,24150.17740111,,,,,,,,,,,
2026-03-24,20676.14434248,,,,,,,,,,,
2026-03-25,21625.29916616,,,,,,,,,,,
2026-03-26,19300.42314938,,,,,,,,,,,
2026-03-27,18391.09370448,,,,,,,,,,,
2026-03-30,19033.80536403,,,,,,,,,,,
2026-03-31,19739.43573996,,,,,,,,,,,
2026-04-01,19966.48384542,,,,,,,,,,,
2026-04-02,18303.68666390,,,,,,,,,,,
2026-04-03,16443.66516840,,,,,,,,,,,
2026-04-07,16045.68256627,,,,,,,,,,,
2026-04-08,24188.13060183,,,,,,,,,,,
2026-04-09,21211.96380693,,,,,,,,,,,
2026-04-10,23049.74957399,,,,,,,,,,,
2026-04-13,21354.51351881,,,,,,,,,,,
2026-04-14,23660.57677170,,,,,,,,,,,
2026-04-15,24000.07490222,,,,,,,,,,,
2026-04-16,23187.34105016,,,,,,,,,,,
2026-04-17,24083.27270185,,,,,,,,,,,
2026-04-20,25646.78840831,,,,,,,,,,,
2026-04-21,23759.30343514,,,,,,,,,,,
2026-04-22,25411.82144349,,,,,,,,,,,
2026-04-23,27853.50699504,,,,,,,,,,,
2026-04-24,26118.09468803,,,,,,,,,,,
2026-04-27,25693.39622534,,,,,,,,,,,
2026-04-28,25155.20934547,,,,,,,,,,,
2026-04-29,25706.76947491,,,,,,,,,,,
2026-04-30,27165.41279971,,,,,,,,,,,
2026-05-06,31998.48033738,,,,,,,,,,,
2026-05-07,31170.71282791,,,,,,,,,,,
2026-05-08,30179.51676510,,,,,,,,,,,
2026-05-11,35029.87493921,,,,,,,,,,,
2026-05-12,32136.12730204,,,,,,,,,,,
2026-05-13,32108.11925214,,,,,,,,,,,
2026-05-14,33336.85796677,,,,,,,,,,,
2026-05-15,33111.67744695,,,,,,,,,,,
2026-05-18,28666.21036534,,,,,,,,,,,
2026-05-19,28649.23439025,,,,,,,,,,,
2026-05-20,29270.84890364,,,,,,,,,,,
2026-05-21,34531.09361789,,,,,,,,,,,
2026-05-22,28742.61095873,,,,,,,,,,,
2026-05-25,31845.54243320,,,,,,,,,,,
2026-05-26,32197.75792211,,,,,,,,,,,
2026-05-27,32059.04073769,,,,,,,,,,,
2026-05-28,29468.25851057,,,,,,,,,,,
2026-05-29,32973.56752041,,,,,,,,,,,
2026-06-01,28578.47528614,,,,,,,,,,,
2026-06-02,27728.50028054,,,,,,,,,,,
2026-06-03,31060.38174762,,,,,,,,,,,
2026-06-04,27379.72070841,,,,,,,,,,,
2026-06-05,30480.69240752,,,,,,,,,,,
2026-06-08,27726.48180293,,,,,,,,,,,
2026-06-09,26191.26718733,,,,,,,,,,,
2026-06-10,26025.90340259,,,,,,,,,,,
2026-06-11,25365.55453764,,,,,,,,,,,
2026-06-12,31997.70468332,,,,,,,,,,,
2026-06-15,30176.44187855,,,,,,,,,,,
2026-06-16,30480.09336309,,,,,,,,,,,
2026-06-17,30756.31133480,,,,,,,,,,,
2026-06-18,32932.10865734,,,,,,,,,,,
2026-06-22,37194.42483160,,,,,,,,,,,
2026-06-23,34239.88565304,,,,,,,,,,,
2026-06-24,32584.76620145,,,,,,,,,,,
2026-06-25,35780.80553540,,,,,,,,,,,
2026-06-26,35226.02731668,,,,,,,,,,,
2026-06-29,35032.29760867,,,,,,,,,,,
2026-06-30,32596.52038466,,,,,,,,,,,
2026-07-01,36447.02021712,,,,,,,,,,,
2026-07-02,34123.74138690,,,,,,,,,,,
2026-07-03,31618.37779557,,,,,,,,,,,
2026-07-06,30693.44319991,,,,,,,,,,,
2026-07-07,25637.92444713,,,,,,,,,,,
2026-07-08,25472.76886408,,,,,,,,,,,
2026-07-09,28945.59892941,,,,,,,,,,,
2026-07-10,33636.45803972,,,,,,,,,,,
2026-07-13,28004.81618921,,,,,,,,,,,
2026-07-14,26884.59269071,,,,,,,,,,,
2026-07-15,25559.86558502,,,,,,,,,,,
2026-07-16,23896.54682867,,,,,,,,,,,
2026-07-17,26389.93436731,,,,,,,,,,,
2026-07-20,26870.21497171,,,,,,,,,,,
2026-07-21,29404.89186513,,,,,,,,,,,
2026-07-22,26413.41672741,,,,,,,,,,,
2026-07-23,21837.38261427,,,,,,,,,,,
2026-07-24,19193.67546896,,,,,,,,,,,
2026-07-27,19245.83897512,,,,,,,,,,,
2026-07-28,20140.08226597,,,,,,,,,,,
2026-07-29,22840.03798691,,,,,,,,,,,
2026-07-30,23289.17567199,,,,,,,,,,,
2026-07-31,25294.57233873,,,,,,,,,,,
