日期,行业层级,一级行业代码,一级行业,指数代码,指数名称,收盘价,成交额,日收益率,20日年化波动率
2026-08-11,一级行业,801170,交通运输,801170,交通运输,2060.41000000,221.63498361,-0.01427580,0.16236412
2026-08-11,一级行业,801760,传媒,801760,传媒,708.40000000,505.44428462,-0.00856519,0.42367227
2026-08-11,一级行业,801160,公用事业,801160,公用事业,2517.77000000,487.18459224,0.00271211,0.22107723
2026-08-11,一级行业,801010,农林牧渔,801010,农林牧渔,2463.53000000,176.13376258,-0.01207472,0.24067843
2026-08-11,一级行业,801150,医药生物,801150,医药生物,8197.39000000,1979.55433439,0.00311923,0.37050497
2026-08-11,一级行业,801200,商贸零售,801200,商贸零售,1823.42000000,158.10843046,-0.00411806,0.26151926
2026-08-11,一级行业,801740,国防军工,801740,国防军工,1657.76000000,585.93717686,-0.02376746,0.35100818
2026-08-11,一级行业,801030,基础化工,801030,基础化工,4395.18000000,1156.20284832,-0.01569009,0.29548163
2026-08-11,一级行业,801110,家用电器,801110,家用电器,8716.87000000,189.72288276,0.00196096,0.14943097
2026-08-11,一级行业,801710,建筑材料,801710,建筑材料,6142.79000000,355.64416517,-0.00822925,0.51913471
2026-08-11,一级行业,801720,建筑装饰,801720,建筑装饰,1960.57000000,273.61491115,-0.00062698,0.19756917
2026-08-11,一级行业,801180,房地产,801180,房地产,1897.89000000,127.17368381,-0.00007903,0.24658231
2026-08-11,一级行业,801050,有色金属,801050,有色金属,8494.67000000,2039.46123589,-0.04422071,0.47793507
2026-08-11,一级行业,801890,机械设备,801890,机械设备,2242.32000000,1548.80604062,-0.00567597,0.49620109
2026-08-11,一级行业,801880,汽车,801880,汽车,6584.58000000,582.94035406,-0.00605012,0.25787522
2026-08-11,一级行业,801950,煤炭,801950,煤炭,3295.13000000,135.77681437,-0.00227998,0.34667905
2026-08-11,一级行业,801970,环保,801970,环保,1938.18000000,160.98944190,-0.00690185,0.29853984
2026-08-11,一级行业,801730,电力设备,801730,电力设备,9559.74000000,1671.77526072,-0.00204607,0.34713393
2026-08-11,一级行业,801080,电子,801080,电子,8853.93000000,6316.79611857,-0.00873715,0.76269469
2026-08-11,一级行业,801960,石油石化,801960,石油石化,2692.38000000,202.20693561,0.00499440,0.29284214
2026-08-11,一级行业,801210,社会服务,801210,社会服务,7306.80000000,103.74761206,-0.01210465,0.30069639
2026-08-11,一级行业,801130,纺织服饰,801130,纺织服饰,1561.69000000,126.23976746,0.00114109,0.27073592
2026-08-11,一级行业,801230,综合,801230,综合,4207.05000000,27.27338613,-0.00683662,0.54416316
2026-08-11,一级行业,801980,美容护理,801980,美容护理,3559.63000000,36.85913252,-0.00895375,0.30923169
2026-08-11,一级行业,801750,计算机,801750,计算机,4609.49000000,1256.04899482,-0.00457815,0.39302184
2026-08-11,一级行业,801140,轻工制造,801140,轻工制造,2087.70000000,141.15650211,-0.00685502,0.26262832
2026-08-11,一级行业,801770,通信,801770,通信,6987.39000000,1582.32881370,0.01134022,0.81572643
2026-08-11,一级行业,801040,钢铁,801040,钢铁,2199.74000000,84.60528781,-0.01516379,0.21799616
2026-08-11,一级行业,801780,银行,801780,银行,3959.64000000,215.14319715,-0.00020452,0.21624497
2026-08-11,一级行业,801790,非银金融,801790,非银金融,1748.90000000,324.47744341,-0.00924531,0.20202892
2026-08-11,一级行业,801120,食品饮料,801120,食品饮料,14379.49000000,310.33356083,-0.00742593,0.26299027
2026-08-11,二级行业,801170,交通运输,801178,物流,4182.95000000,41.12915558,-0.00394569,0.17171859
2026-08-11,二级行业,801170,交通运输,801991,航空机场,2324.81000000,32.34982680,-0.01748803,0.18092216
2026-08-11,二级行业,801170,交通运输,801992,航运港口,3307.22000000,102.56680469,-0.02906733,0.22888911
2026-08-11,二级行业,801170,交通运输,801179,铁路公路,1492.79000000,45.58919654,-0.00346467,0.15463339
2026-08-11,二级行业,801760,传媒,801769,出版,1425.10000000,42.28146362,-0.01252105,0.29768495
2026-08-11,二级行业,801760,传媒,801765,广告营销,2718.11000000,181.38363342,-0.00901259,0.49601601
2026-08-11,二级行业,801760,传媒,801766,影视院线,1105.49000000,94.39890982,0.00758315,0.50966739
2026-08-11,二级行业,801760,传媒,801767,数字媒体,1627.05000000,29.75603851,-0.00435086,0.40354085
2026-08-11,二级行业,801760,传媒,801764,游戏Ⅱ,2916.23000000,136.12442272,-0.01344398,0.49353180
2026-08-11,二级行业,801760,传媒,801995,电视广播Ⅱ,1011.60000000,21.49981651,-0.00326137,0.28207660
2026-08-11,二级行业,801160,公用事业,801163,燃气Ⅱ,3182.32000000,46.61096369,-0.00874040,0.23774653
2026-08-11,二级行业,801160,公用事业,801161,电力,3309.02000000,440.57362855,0.00374925,0.22891483
2026-08-11,二级行业,801010,农林牧渔,801017,养殖业,2679.07000000,72.06047592,-0.00834684,0.29331117
2024-06-17,二级行业,801010,农林牧渔,801019,农业综合Ⅱ,1017.95000000,1.25278231,-0.01778305,0.27895502
2026-08-11,二级行业,801010,农林牧渔,801012,农产品加工,2162.84000000,31.83962007,-0.01764554,0.23495806
2026-08-11,二级行业,801010,农林牧渔,801018,动物保健Ⅱ,4559.68000000,5.85998244,-0.01539844,0.31072045
2024-06-17,二级行业,801010,农林牧渔,801011,林业Ⅱ,560.05000000,0.83046520,-0.01905663,0.35320758
2026-08-11,二级行业,801010,农林牧渔,801015,渔业,694.16000000,3.79778736,-0.01239205,0.32469556
2026-08-11,二级行业,801010,农林牧渔,801016,种植业,2256.93000000,26.34036609,-0.01892230,0.26631379
2026-08-11,二级行业,801010,农林牧渔,801014,饲料,3556.19000000,27.96791573,-0.01301661,0.25074771
2026-08-11,二级行业,801150,医药生物,801155,中药Ⅱ,5796.27000000,153.00222402,0.00095670,0.22695012
2026-08-11,二级行业,801150,医药生物,801151,化学制药,12327.85000000,694.49355962,0.00617933,0.42253262
2026-08-11,二级行业,801150,医药生物,801153,医疗器械,5831.56000000,244.49920298,-0.00191690,0.25959583
2026-08-11,二级行业,801150,医药生物,801156,医疗服务,8646.61000000,572.08034602,-0.00278407,0.58847473
2026-08-11,二级行业,801150,医药生物,801154,医药商业,4772.80000000,103.80347708,0.01593681,0.25341915
2026-08-11,二级行业,801150,医药生物,801152,生物制品,5763.02000000,211.67552468,0.01284016,0.42267759
2026-08-11,二级行业,801200,商贸零售,801203,一般零售,2747.39000000,83.64122527,-0.00159896,0.26707656
2026-08-11,二级行业,801200,商贸零售,801204,专业连锁Ⅱ,3711.80000000,14.26316067,0.01361573,0.32845562
2026-08-11,二级行业,801200,商贸零售,801206,互联网电商,10115.97000000,31.18954862,-0.00911449,0.32543006
2024-06-17,二级行业,801200,商贸零售,801207,旅游零售Ⅱ,8063.33000000,7.79581263,-0.00721626,0.26478795
2026-08-11,二级行业,801200,商贸零售,801202,贸易Ⅱ,4240.54000000,14.29079999,-0.00916638,0.27809889
2026-08-11,二级行业,801740,国防军工,801745,军工电子Ⅱ,6095.47000000,242.36918782,-0.01912834,0.49362164
2026-08-11,二级行业,801740,国防军工,801743,地面兵装Ⅱ,15317.43000000,56.89037855,-0.02350982,0.39579461
2026-08-11,二级行业,801740,国防军工,801741,航天装备Ⅱ,25093.31000000,83.36528455,-0.06258940,0.64505520
2026-08-11,二级行业,801740,国防军工,801744,航海装备Ⅱ,3120.16000000,70.25228607,-0.02937544,0.29762058
2026-08-11,二级行业,801740,国防军工,801742,航空装备Ⅱ,8343.54000000,133.06003989,-0.01540927,0.26847971
2026-08-11,二级行业,801030,基础化工,801038,农化制品,5190.66000000,184.69103007,-0.03041205,0.29403323
2026-08-11,二级行业,801030,基础化工,801034,化学制品,6686.85000000,454.90187543,-0.01608119,0.28870931
2026-08-11,二级行业,801030,基础化工,801033,化学原料,3304.36000000,176.24805625,-0.01617302,0.24980631
2026-08-11,二级行业,801030,基础化工,801032,化学纤维,4538.00000000,33.23306881,-0.01814846,0.30798851
2026-08-11,二级行业,801030,基础化工,801036,塑料,4913.72000000,241.24586173,0.00645404,0.59102066
2026-08-11,二级行业,801030,基础化工,801037,橡胶,4676.01000000,25.94364081,-0.00723132,0.46901949
2026-08-11,二级行业,801030,基础化工,801039,非金属材料Ⅱ,6128.87000000,39.93931522,-0.01171168,0.82445187
2024-06-17,二级行业,801110,家用电器,801117,其他家电Ⅱ,473.77000000,0.79529547,-0.01320531,0.27218433
2026-08-11,二级行业,801110,家用电器,801114,厨卫电器,7864.59000000,7.22051767,-0.00370290,0.30341377
2026-08-11,二级行业,801110,家用电器,801116,家电零部件Ⅱ,6640.81000000,86.35363130,0.01257020,0.45144904
2026-08-11,二级行业,801110,家用电器,801113,小家电,4097.50000000,19.86591742,0.00007078,0.30758450
2026-08-11,二级行业,801110,家用电器,801115,照明设备Ⅱ,4332.46000000,11.49135043,-0.00903938,0.39637169
2026-08-11,二级行业,801110,家用电器,801111,白色家电,19555.03000000,43.60416989,0.00001994,0.19710365
2026-08-11,二级行业,801110,家用电器,801112,黑色家电,1919.86000000,19.55879339,0.00490976,0.33624886
2026-08-11,二级行业,801710,建筑材料,801711,水泥,4039.31000000,34.98049365,-0.01432162,0.22582111
2026-08-11,二级行业,801710,建筑材料,801712,玻璃玻纤,21102.55000000,286.50506255,-0.00640018,0.97458162
2026-08-11,二级行业,801710,建筑材料,801713,装修建材,4422.85000000,34.15860898,-0.00638246,0.28080098
2026-08-11,二级行业,801720,建筑装饰,801724,专业工程,1768.67000000,69.83305243,-0.01136389,0.30056823
2026-08-11,二级行业,801720,建筑装饰,801723,基础建设,2079.20000000,45.92220264,-0.00618980,0.16930753
2026-08-11,二级行业,801720,建筑装饰,801726,工程咨询服务Ⅱ,2258.81000000,107.90171325,0.02364228,0.47452762
2026-08-11,二级行业,801720,建筑装饰,801721,房屋建设Ⅱ,2767.37000000,17.24664487,-0.00190792,0.18087424
2026-08-11,二级行业,801720,建筑装饰,801722,装修装饰Ⅱ,4005.03000000,32.71129797,0.01597646,0.41989317
2026-08-11,二级行业,801180,房地产,801181,房地产开发,2196.93000000,118.62882469,0.00027318,0.24556738
2026-08-11,二级行业,801180,房地产,801183,房地产服务,745.51000000,8.54485912,-0.00589388,0.29362733
2026-08-11,二级行业,801050,有色金属,801054,小金属,38210.17000000,549.78598195,-0.04414691,0.64078373
2026-08-11,二级行业,801050,有色金属,801055,工业金属,3427.12000000,869.76719497,-0.04838701,0.44529190
2026-08-11,二级行业,801050,有色金属,801056,能源金属,17417.55000000,187.20309081,-0.02787251,0.57323683
2026-08-11,二级行业,801050,有色金属,801053,贵金属,26426.47000000,333.77536645,-0.05341522,0.63437698
2026-08-11,二级行业,801050,有色金属,801051,金属新材料,9337.60000000,98.92960171,-0.01953352,0.59863598
2026-08-11,二级行业,801890,机械设备,801074,专用设备,11818.52000000,397.21587871,-0.00591646,0.51654796
2026-08-11,二级行业,801890,机械设备,801077,工程机械,21886.10000000,81.48760949,-0.01707513,0.24936345
2026-08-11,二级行业,801890,机械设备,801078,自动化设备,20681.76000000,416.05124033,0.00143714,0.65104637
2026-08-11,二级行业,801890,机械设备,801076,轨交设备Ⅱ,5662.10000000,28.07708912,-0.00255786,0.20131936
2026-08-11,二级行业,801890,机械设备,801072,通用设备,7983.79000000,625.97422296,-0.00710491,0.63735189
2026-08-11,二级行业,801880,汽车,801095,乘用车,14367.89000000,50.54844915,-0.01150524,0.25625970
2026-08-11,二级行业,801880,汽车,801096,商用车,6842.14000000,47.17089774,-0.02624613,0.35140588
2026-08-11,二级行业,801880,汽车,801881,摩托车及其他,3412.26000000,17.47198925,-0.01044005,0.25646306
2026-08-11,二级行业,801880,汽车,801092,汽车服务,446.49000000,5.54382303,-0.00434841,0.33202015
2026-08-11,二级行业,801880,汽车,801093,汽车零部件,7324.75000000,462.20519489,-0.00177846,0.34887635
2026-08-11,二级行业,801950,煤炭,801952,焦炭Ⅱ,1146.55000000,8.75669850,0.00177367,0.32560377
2026-08-11,二级行业,801950,煤炭,801951,煤炭开采,3784.75000000,127.02011587,-0.00252745,0.35429052
2026-08-11,二级行业,801970,环保,801972,环保设备Ⅱ,2157.24000000,55.50305627,0.00438584,0.43868258
2026-08-11,二级行业,801970,环保,801971,环境治理,1872.48000000,105.48638563,-0.00989848,0.27502854
2026-08-11,二级行业,801730,电力设备,801735,光伏设备,5606.59000000,344.28191470,0.01757427,0.36454858
2026-08-11,二级行业,801730,电力设备,801733,其他电源设备Ⅱ,38556.00000000,172.95795319,0.00371617,0.56981158
2026-08-11,二级行业,801730,电力设备,801731,电机Ⅱ,12992.59000000,72.45783792,0.01114528,0.44560526
2026-08-11,二级行业,801730,电力设备,801737,电池,23569.46000000,587.54727617,-0.00497482,0.35695885
2026-08-11,二级行业,801730,电力设备,801738,电网设备,5567.91000000,389.81287385,-0.00945023,0.37866240
2026-08-11,二级行业,801730,电力设备,801736,风电设备,2186.53000000,104.71740489,-0.03081922,0.39732092
2026-08-11,二级行业,801080,电子,801083,元件,22835.81000000,1456.11237031,0.00006044,0.92361385
2026-08-11,二级行业,801080,电子,801084,光学光电子,1826.34000000,469.51871462,0.00019168,0.59925394
2026-08-11,二级行业,801080,电子,801082,其他电子Ⅱ,16498.19000000,191.50279515,0.00755197,0.71603054
2026-08-11,二级行业,801080,电子,801081,半导体,10032.49000000,3116.13246346,-0.01163479,0.82256710
2026-08-11,二级行业,801080,电子,801085,消费电子,10177.97000000,636.97101971,-0.01185333,0.57339648
2026-08-11,二级行业,801080,电子,801086,电子化学品Ⅱ,12211.38000000,446.55875532,-0.02087364,0.93969625
2026-08-11,二级行业,801960,石油石化,801962,油服工程,2411.50000000,68.24280815,0.01102209,0.44054941
2024-06-17,二级行业,801960,石油石化,801961,油气开采Ⅱ,2108.92000000,10.52840725,-0.00416482,0.27715181
2026-08-11,二级行业,801960,石油石化,801963,炼化及贸易,3068.37000000,96.03813130,-0.00677821,0.25074548
2026-08-11,二级行业,801210,社会服务,801218,专业服务,5593.24000000,36.60151586,-0.01675471,0.35704529
2024-06-17,二级行业,801210,社会服务,801216,体育Ⅱ,1577.85000000,1.84919639,0.00196220,0.28753489
2026-08-11,二级行业,801210,社会服务,801994,教育,1782.60000000,31.76602131,-0.01766722,0.41533665
2026-08-11,二级行业,801210,社会服务,801993,旅游及景区,1921.90000000,21.65170869,-0.00348952,0.27131933
2026-08-11,二级行业,801210,社会服务,801219,酒店餐饮,1515.20000000,11.61871608,-0.00826663,0.33734536
2026-08-11,二级行业,801130,纺织服饰,801132,服装家纺,1498.82000000,52.86335062,0.00703464,0.31219088
2026-08-11,二级行业,801130,纺织服饰,801131,纺织制造,1755.59000000,37.76041818,-0.00415223,0.26225239
2026-08-11,二级行业,801130,纺织服饰,801133,饰品,1412.19000000,35.61599867,-0.00692667,0.29278721
2026-08-11,二级行业,801230,综合,801231,综合Ⅱ,4203.70000000,27.27338614,-0.00683734,0.54416072
2026-08-11,二级行业,801980,美容护理,801981,个护用品,1253.65000000,9.12252648,-0.01148854,0.27626537
2026-08-11,二级行业,801980,美容护理,801982,化妆品,5959.30000000,21.31836675,-0.00489263,0.32947180
2024-06-17,二级行业,801980,美容护理,801983,医疗美容,1777.83000000,4.66977567,-0.00245762,0.24742453
2026-08-11,二级行业,801750,计算机,801103,IT服务Ⅱ,4919.32000000,459.01770349,-0.00248602,0.44870612
2026-08-11,二级行业,801750,计算机,801101,计算机设备,2932.17000000,263.50994458,-0.01190231,0.40383830
2026-08-11,二级行业,801750,计算机,801104,软件开发,6009.51000000,533.52134675,-0.00118837,0.38662747
2026-08-11,二级行业,801140,轻工制造,801141,包装印刷,2725.72000000,44.89774118,-0.01114122,0.34131631
2026-08-11,二级行业,801140,轻工制造,801142,家居用品,1609.07000000,51.26950083,-0.00631754,0.25811740
2026-08-11,二级行业,801140,轻工制造,801145,文娱用品,1665.32000000,16.44240382,-0.01709861,0.35140698
2026-08-11,二级行业,801140,轻工制造,801143,造纸,2102.00000000,28.54685629,0.00409376,0.20634340
2026-08-11,二级行业,801770,通信,801223,通信服务,2173.61000000,127.62460781,-0.00120851,0.17710199
2026-08-11,二级行业,801770,通信,801102,通信设备,9263.65000000,1454.70420589,0.01335216,0.92007535
2026-08-11,二级行业,801040,钢铁,801043,冶钢原料,3196.45000000,22.44434114,-0.01915689,0.26820295
2026-08-11,二级行业,801040,钢铁,801044,普钢,2068.93000000,44.54733451,-0.01053110,0.20727886
2026-08-11,二级行业,801040,钢铁,801045,特钢Ⅱ,3804.73000000,17.61361217,-0.02166126,0.24920838
2026-08-11,二级行业,801780,银行,801785,农商行Ⅱ,756.11000000,15.38069183,-0.00174274,0.21390334
2026-08-11,二级行业,801780,银行,801782,国有大型银行Ⅱ,1914.72000000,90.17772179,0.00632792,0.27369376
2026-08-11,二级行业,801780,银行,801784,城商行Ⅱ,1042.47000000,45.96583018,-0.00190529,0.18556946
2026-08-11,二级行业,801780,银行,801783,股份制银行Ⅱ,4160.45000000,63.61895336,-0.00372604,0.21692671
2026-08-11,二级行业,801790,非银金融,801194,保险Ⅱ,1159.70000000,78.33808579,-0.01510004,0.29025829
2026-08-11,二级行业,801790,非银金融,801191,多元金融,1144.53000000,36.55417472,-0.00658786,0.24702718
2026-08-11,二级行业,801790,非银金融,801193,证券Ⅱ,6189.62000000,209.58518291,-0.00686572,0.20490695
2026-08-11,二级行业,801120,食品饮料,801128,休闲食品,1655.52000000,17.09045596,-0.00937655,0.33695139
2026-08-11,二级行业,801120,食品饮料,801125,白酒Ⅱ,37714.30000000,114.76461179,-0.00599655,0.32423514
2026-08-11,二级行业,801120,食品饮料,801129,调味发酵品Ⅱ,6975.44000000,59.71300568,-0.01363153,0.22935251
2026-08-11,二级行业,801120,食品饮料,801126,非白酒,3465.56000000,14.63466822,-0.00833834,0.23005227
2026-08-11,二级行业,801120,食品饮料,801124,食品加工,12638.20000000,31.07638762,-0.00673848,0.22907572
2026-08-11,二级行业,801120,食品饮料,801127,饮料乳品,7119.43000000,73.05443156,-0.00932175,0.23301163
